pronoun_ratio_1,pronoun_ratio_2,pronoun_ratio_3,pronoun_ratio_singular,pronoun_ratio_plural,book,genre,filepath,lang
0.2221565381886971,0.16800662095057933,0.6098368408607235,0.13100023646252068,0.02884842752423741,1. 长安十二时辰 (马伯庸) (Z-Library).txt,history_fiction,../data/chinese\history_fiction\1. 长安十二时辰 (马伯庸) (Z-Library).txt,chinese
0.2590431738623104,0.09778296382730454,0.6431738623103851,0.1339556592765461,0.032905484247374564,10. 历史的裂变：中国历史上的十三场政变（畅销书《大唐兴亡三百年》作者王觉仁力作，用小说笔法，讲述中华五千年历史上的13场知名政变，聚焦那些_. (Z-Library).txt,history_fiction,../data/chinese\history_fiction\10. 历史的裂变：中国历史上的十三场政变（畅销书《大唐兴亡三百年》作者王觉仁力作，用小说笔法，讲述中华五千年历史上的13场知名政变，聚焦那些_. (Z-Library).txt,chinese
0.2954507018433959,0.18789108743446642,0.5166582107221377,0.15711144934889226,0.06341958396752917,2. 风起陇西 (马伯庸 [马伯庸]) (Z-Library).txt,history_fiction,../data/chinese\history_fiction\2. 风起陇西 (马伯庸 [马伯庸]) (Z-Library).txt,chinese
0.36298121200957817,0.14894547798857985,0.48807331000184195,0.14312027997789648,0.053739178485909006,3. 隋乱 (酒徒) (Z-Library).txt,history_fiction,../data/chinese\history_fiction\3. 隋乱 (酒徒) (Z-Library).txt,chinese
0.2952579209717156,0.09354290406982296,0.6111991749584614,0.16619239510322567,0.026393689960084794,4. 新宋 (阿越) (Z-Library).txt,history_fiction,../data/chinese\history_fiction\4. 新宋 (阿越) (Z-Library).txt,chinese
0.29297939796670447,0.20260420931946604,0.5044163927138294,0.18599155328333938,0.052095885442867675,5. 步步生莲 (月关) (Z-Library).txt,history_fiction,../data/chinese\history_fiction\5. 步步生莲 (月关) (Z-Library).txt,chinese
0.3155232093725038,0.12390165971420963,0.5605751309132866,0.15208129936984113,0.06527913375343924,7. 窃明 (灰熊猫) (Z-Library).txt,history_fiction,../data/chinese\history_fiction\7. 窃明 (灰熊猫) (Z-Library).txt,chinese
0.30963027592976333,0.07296324571927146,0.6174064783509652,0.21289126404188025,0.02911986039917112,8. 四时歌：骑桶人自选集 (骑桶人) (Z-Library).txt,history_fiction,../data/chinese\history_fiction\8. 四时歌：骑桶人自选集 (骑桶人) (Z-Library).txt,chinese
0.3203592814371258,0.05389221556886228,0.625748502994012,0.12649700598802396,0.05389221556886228,9. 辛亥：计划外革命 (雪珥) (Z-Library).txt,history_fiction,../data/chinese\history_fiction\9. 辛亥：计划外革命 (雪珥) (Z-Library).txt,chinese
0.5809711984193328,0.09415609088836538,0.32487271069230184,0.5238239987841021,0.031005395546774072,东宫.txt,history_fiction,../data/chinese\history_fiction\东宫.txt,chinese
0.5324354746341753,0.15519658761033986,0.3123679377554849,0.4819210489938585,0.019332925215742806,后宫：甄嬛传.txt,history_fiction,../data/chinese\history_fiction\后宫：甄嬛传.txt,chinese
0.2847543198464055,0.18993102467467823,0.5253146554789163,0.20301500391097205,0.0407452179478063,将进酒-唐酒卿.txt,history_fiction,../data/chinese\history_fiction\将进酒-唐酒卿.txt,chinese
0.558689520503363,0.09582700513488103,0.34548347436175597,0.5209372965936212,0.021045779995660666,帝王业.txt,history_fiction,../data/chinese\history_fiction\帝王业.txt,chinese
0.2520137441559173,0.22108939334197036,0.5268968625021123,0.18413789218723595,0.028164253928913422,日曜卷·青天寨.txt,history_fiction,../data/chinese\history_fiction\日曜卷·青天寨.txt,chinese
0.32826331884757765,0.2487526154836633,0.42298406566875907,0.21471108965073232,0.031949138902301624,琅琊榜之风起长林.txt,history_fiction,../data/chinese\history_fiction\琅琊榜之风起长林.txt,chinese
0.2795682578291274,0.2427789601702645,0.47765278200060807,0.18774703557312253,0.03587716631194892,镜·双城.txt,history_fiction,../data/chinese\history_fiction\镜·双城.txt,chinese
0.5918987341772152,0.13164556962025317,0.27645569620253163,0.3924050632911392,0.16742616033755275,1. 精绝古城 (天下霸唱) (Z-Library).txt,horror,../data/chinese\horror\1. 精绝古城 (天下霸唱) (Z-Library).txt,chinese
0.3137333466893719,0.2197402250492504,0.4665264282613777,0.18501452469197635,0.043807806604561086,10. 死亡通知单系列（套装5本）（死亡通知单+死亡通知单之离别曲（上）+死亡通知单之离别曲（下）+死亡通知单之宿命（上）+死亡通知单之宿命（下）... (Z-Library).txt,horror,../data/chinese\horror\10. 死亡通知单系列（套装5本）（死亡通知单+死亡通知单之离别曲（上）+死亡通知单之离别曲（下）+死亡通知单之宿命（上）+死亡通知单之宿命（下）... (Z-Library).txt,chinese
0.6204214751630708,0.16833918715504265,0.2112393376818866,0.41695935775213244,0.1628198695434019,2. 鬼吹灯之龙岭迷窟 (天下霸唱) (Z-Library).txt,horror,../data/chinese\horror\2. 鬼吹灯之龙岭迷窟 (天下霸唱) (Z-Library).txt,chinese
0.6126406511850611,0.12856116830260952,0.25879818051232945,0.534713909504429,0.04393105099353603,3. 荒村公寓 (蔡骏) (Z-Library).txt,horror,../data/chinese\horror\3. 荒村公寓 (蔡骏) (Z-Library).txt,chinese
0.2830305532617671,0.18187448389760527,0.5350949628406276,0.18228736581337737,0.02332782824112304,4. 《地狱的第十九层》 (蔡骏) (Z-Library).txt,horror,../data/chinese\horror\4. 《地狱的第十九层》 (蔡骏) (Z-Library).txt,chinese
0.2337091009073412,0.20951333516634588,0.556777563926313,0.17047016772064888,0.018421776189166895,5. 奇门遁甲 (周德东) (Z-Library).txt,horror,../data/chinese\horror\5. 奇门遁甲 (周德东) (Z-Library).txt,chinese
0.29372628279161855,0.1861697739646923,0.5201039432436891,0.23774954627949182,0.03535720178188418,7. 周德东恐怖悬疑小说合集 (周德东) (Z-Library).txt,horror,../data/chinese\horror\7. 周德东恐怖悬疑小说合集 (周德东) (Z-Library).txt,chinese
0.4373146971622194,0.2247458703939009,0.3379394324438797,0.32748305802626004,0.07091804320203304,8. 必须犯规的游戏 (宁航一 [宁航一]) (Z-Library).txt,horror,../data/chinese\horror\8. 必须犯规的游戏 (宁航一 [宁航一]) (Z-Library).txt,chinese
0.34375,0.2450657894736842,0.41118421052631576,0.23067434210526316,0.02549342105263158,9. 天坑宝藏 (（电子书优先上架）2020年天下霸唱开年新作 明星影响力IP“天坑”系列 马殿臣、崔老道、窦占龙，曝人物结局。) (天下霸唱 [未知]) (Z-Library).txt,horror,../data/chinese\horror\9. 天坑宝藏 (（电子书优先上架）2020年天下霸唱开年新作 明星影响力IP“天坑”系列 马殿臣、崔老道、窦占龙，曝人物结局。) (天下霸唱 [未知]) (Z-Library).txt,chinese
0.5031740728366187,0.14634146341463414,0.3504844637487471,0.4577347143334447,0.028065486134313398,七杀 (上官午夜 [上官午夜]) (Z-Library).txt,horror,../data/chinese\horror\七杀 (上官午夜 [上官午夜]) (Z-Library).txt,chinese
0.18228427196718724,0.1411105852658148,0.6766051427669979,0.128490298154283,0.023110900772992587,他来了，请闭眼-_丁墨_-_Z-Library_.txt,horror,../data/chinese\horror\他来了，请闭眼-_丁墨_-_Z-Library_.txt,chinese
0.4023878247179218,0.2843085804250853,0.31330359485699294,0.30464445027551823,0.04054054054054054,伤心至死1·万劫-_鬼古女_-_Z-Library__1.txt,horror,../data/chinese\horror\伤心至死1·万劫-_鬼古女_-_Z-Library__1.txt,chinese
0.33410012965828767,0.20352168639424484,0.4623781839474675,0.21786774854657243,0.06144129825588691,十宗罪全集-_蜘蛛_-_Z-Library_.txt,horror,../data/chinese\horror\十宗罪全集-_蜘蛛_-_Z-Library_.txt,chinese
0.3116036505867014,0.2198547215496368,0.46854162786366177,0.20763643136524493,0.03255727323523934,心理罪-_雷米_-_Z-Library_.txt,horror,../data/chinese\horror\心理罪-_雷米_-_Z-Library_.txt,chinese
0.26247481791414845,0.25003874167054085,0.4874864404153107,0.19142259414225943,0.017821168448783512,怨气撞铃 (尾鱼) (Z-Library).txt,horror,../data/chinese\horror\怨气撞铃 (尾鱼) (Z-Library).txt,chinese
0.6649620878152002,0.1149709046023629,0.22006700758243697,0.4652618585787339,0.16284605889613823,法医秦明：尸语者（全2册） (法医秦明) (Z-Library).txt,horror,../data/chinese\horror\法医秦明：尸语者（全2册） (法医秦明) (Z-Library).txt,chinese
0.6043104638321369,0.11651021535063501,0.27917932081722807,0.4416413583655439,0.12330894533406958,盗墓笔记 (南派三叔) (Z-Library).txt,horror,../data/chinese\horror\盗墓笔记 (南派三叔) (Z-Library).txt,chinese
0.3941590503204118,0.24277760268935814,0.3630633469902301,0.28038659523059145,0.04674860804706377,碎脸 (鬼古女) (Z-Library).txt,horror,../data/chinese\horror\碎脸 (鬼古女) (Z-Library).txt,chinese
0.3693728357060408,0.23124278568680262,0.3993843786071566,0.1956521739130435,0.0752212389380531,红缎-_红娘子_-_Z-Library__1.txt,horror,../data/chinese\horror\红缎-_红娘子_-_Z-Library__1.txt,chinese
0.29232482081970634,0.2280286688469835,0.4796465103333101,0.200473175144388,0.04543873077725976,西出玉门-_尾鱼_-_Z-Library_.txt,horror,../data/chinese\horror\西出玉门-_尾鱼_-_Z-Library_.txt,chinese
0.41487745944080084,0.16626395121389945,0.41885858934529974,0.31774249223334483,0.06341042457714878,诡案组（全9册）（【悬疑+灵异+惊悚】超人气悬疑小说家求无欲《诡案组》系列重磅来袭，拨开迷雾，直指真相！绝密灵异案件大曝光，所有案件均... (Z-Library).txt,horror,../data/chinese\horror\诡案组（全9册）（【悬疑+灵异+惊悚】超人气悬疑小说家求无欲《诡案组》系列重磅来袭，拨开迷雾，直指真相！绝密灵异案件大曝光，所有案件均... (Z-Library).txt,chinese
0.6048245246670575,0.15152022782477595,0.2436552475081665,0.5111818410252115,0.05075801993466789,1. 最好的我们 (八月长安 [八月长安]) (Z-Library).txt,school_ya,../data/chinese\school_ya\1. 最好的我们 (八月长安 [八月长安]) (Z-Library).txt,chinese
0.3072645527685755,0.19445101751064836,0.49828442972077613,0.22119025082820634,0.02230241362991008,10. 暗恋·橘生淮南 (八月长安 [八月长安]) (Z-Library).txt,school_ya,../data/chinese\school_ya\10. 暗恋·橘生淮南 (八月长安 [八月长安]) (Z-Library).txt,chinese
0.32023280931237247,0.20052802112084483,0.4792391695667827,0.19416776671066843,0.026041041641665666,2. 你好，旧时光（三周年完美纪念版）（套装共3册） (八月长安 [八月长安]) (Z-Library).txt,school_ya,../data/chinese\school_ya\2. 你好，旧时光（三周年完美纪念版）（套装共3册） (八月长安 [八月长安]) (Z-Library).txt,chinese
0.5372152710940007,0.17500802053256337,0.287776708373436,0.497032402951556,0.026146936156560795,3. 致我们单纯的小美好 (赵乾乾) (Z-Library).txt,school_ya,../data/chinese\school_ya\3. 致我们单纯的小美好 (赵乾乾) (Z-Library).txt,chinese
0.3160317054461774,0.30273587317821526,0.38123242137560726,0.25364356941958577,0.027358731782152902,5. 云边有个小卖部（张嘉佳全新力作！写给我们所遇见的悲伤和希望，和路上从未断绝的一缕光！） (张嘉佳) (Z-Library).txt,school_ya,../data/chinese\school_ya\5. 云边有个小卖部（张嘉佳全新力作！写给我们所遇见的悲伤和希望，和路上从未断绝的一缕光！） (张嘉佳) (Z-Library).txt,chinese
0.19812816061589553,0.20212846252547362,0.5997433768586309,0.15555891010642312,0.020454373915012453,6. 少年的你，如此美丽 (玖月晞 [jiuyuexi]) (Z-Library).txt,school_ya,../data/chinese\school_ya\6. 少年的你，如此美丽 (玖月晞 [jiuyuexi]) (Z-Library).txt,chinese
0.5630590779514401,0.15305219699203776,0.2838887250565222,0.5207903273370688,0.024771453848422293,7. 左耳 (饶雪漫) (Z-Library).txt,school_ya,../data/chinese\school_ya\7. 左耳 (饶雪漫) (Z-Library).txt,chinese
0.19233593391463974,0.18770078017439193,0.6199632859109684,0.1518586507572281,0.016819642037631942,8. 玖月晞亲爱的系列（套装2册） (玖月晞 [jiuyuexi]) (Z-Library).txt,school_ya,../data/chinese\school_ya\8. 玖月晞亲爱的系列（套装2册） (玖月晞 [jiuyuexi]) (Z-Library).txt,chinese
0.6041220556745182,0.08029978586723768,0.3155781584582441,0.4796573875802998,0.08244111349036402,9. 时间的女儿 (八月长安) (Z-Library).txt,school_ya,../data/chinese\school_ya\9. 时间的女儿 (八月长安) (Z-Library).txt,chinese
0.311284046692607,0.13359273670557717,0.5551232166018158,0.2191958495460441,0.03372243839169909,七月与安生 (安妮宝贝) (Z-Library).txt,school_ya,../data/chinese\school_ya\七月与安生 (安妮宝贝) (Z-Library).txt,chinese
0.5967139656460044,0.13032113517550412,0.2729648991784914,0.5388349514563107,0.03472740851381628,后来我们都哭了 (夏七夕) (Z-Library).txt,school_ya,../data/chinese\school_ya\后来我们都哭了 (夏七夕) (Z-Library).txt,chinese
0.45632759747331736,0.23371814419516446,0.3099542583315182,0.27880636027009364,0.037028969723371816,夏至未至（2010修订版） (郭敬明) (Z-Library).txt,school_ya,../data/chinese\school_ya\夏至未至（2010修订版） (郭敬明) (Z-Library).txt,chinese
0.6166666666666667,0.21285140562248997,0.17048192771084336,0.5377510040160642,0.052008032128514056,失恋33天 (鲍鲸鲸) (Z-Library).txt,school_ya,../data/chinese\school_ya\失恋33天 (鲍鲸鲸) (Z-Library).txt,chinese
0.22815583358763097,0.16509002136100093,0.6067541450513682,0.16407283084121657,0.027158986878242294,如果蜗牛有爱情 (丁墨) (Z-Library).txt,school_ya,../data/chinese\school_ya\如果蜗牛有爱情 (丁墨) (Z-Library).txt,chinese
0.3000525486074619,0.24303730951129796,0.45691014188124013,0.20835522858644245,0.0302154492905938,杉杉来吃 (顾漫) (Z-Library).txt,school_ya,../data/chinese\school_ya\杉杉来吃 (顾漫) (Z-Library).txt,chinese
0.5766334215347039,0.10482393649501323,0.3185426419702829,0.5316507225727661,0.018115204559332382,沙漏Ⅱ：饶雪漫青春疼痛系列之七 (饶雪漫) (Z-Library).txt,school_ya,../data/chinese\school_ya\沙漏Ⅱ：饶雪漫青春疼痛系列之七 (饶雪漫) (Z-Library).txt,chinese
0.5930544593528019,0.10607734806629834,0.30086819258089975,0.530544593528019,0.02904498816101026,深海里的星星 (独木舟) (Z-Library).txt,school_ya,../data/chinese\school_ya\深海里的星星 (独木舟) (Z-Library).txt,chinese
0.2198868229587712,0.18755052546483428,0.5925626515763945,0.16669361358124496,0.022473726758286176,温暖的弦 (安宁) (Z-Library).txt,school_ya,../data/chinese\school_ya\温暖的弦 (安宁) (Z-Library).txt,chinese
0.5620865415898493,0.1442359830820952,0.29367747532805555,0.482160286303004,0.05747749701767704,独家记忆 (木浮生) (Z-Library).txt,school_ya,../data/chinese\school_ya\独家记忆 (木浮生) (Z-Library).txt,chinese
0.25887760397360815,0.1788123656312551,0.5623100303951368,0.18259322410853288,0.023945437022759284,致我们终将逝去的青春 (辛夷坞) (Z-Library).txt,school_ya,../data/chinese\school_ya\致我们终将逝去的青春 (辛夷坞) (Z-Library).txt,chinese
0.3991507430997877,0.2526539278131635,0.3481953290870488,0.18471337579617833,0.016985138004246284,落落：年华是无效信.txt (落落：年华是无效信.txt) (Z-Library).txt,school_ya,../data/chinese\school_ya\落落：年华是无效信.txt (落落：年华是无效信.txt) (Z-Library).txt,chinese
0.48869565217391303,0.1879598662207358,0.3233444816053512,0.4098996655518395,0.05016722408026756,西决 (笛安) (Z-Library).txt,school_ya,../data/chinese\school_ya\西决 (笛安) (Z-Library).txt,chinese
0.582963620230701,0.22182786157941436,0.19520851818988466,0.4017746228926353,0.07932564330079858,谁的青春不迷茫：一个奋斗小青年的逆袭人生 (刘同) (Z-Library).txt,school_ya,../data/chinese\school_ya\谁的青春不迷茫：一个奋斗小青年的逆袭人生 (刘同) (Z-Library).txt,chinese
0.5558378378378378,0.12491891891891892,0.31924324324324327,0.4512972972972973,0.06172972972972973,"那些回不去的年少时光(1+2,外加两篇番外) (桐华 [桐华]) (Z-Library).txt",school_ya,"../data/chinese\school_ya\那些回不去的年少时光(1+2,外加两篇番外) (桐华 [桐华]) (Z-Library).txt",chinese
0.291615099009901,0.21364480198019803,0.494740099009901,0.20536819306930693,0.03403465346534654,顾漫甜蜜三部曲（何以笙箫默+微微一笑很倾城+杉杉来吃）（套装共3册） (顾漫) (Z-Library).txt,school_ya,../data/chinese\school_ya\顾漫甜蜜三部曲（何以笙箫默+微微一笑很倾城+杉杉来吃）（套装共3册） (顾漫) (Z-Library).txt,chinese
0.3209200438116101,0.2122672508214677,0.4668127053669222,0.1741511500547645,0.08543263964950712,1. 劉慈欣《三體》.txt,scifi,../data/chinese\scifi\1. 劉慈欣《三體》.txt,chinese
0.3907320787555749,0.17981072555205047,0.4294571956923746,0.3173066463613619,0.04720983356901991,10.-与机器人同行——阿缺中短篇科幻小说选-_中国科幻基石丛书_-_阿缺_-_Z-Library_.txt,scifi,../data/chinese\scifi\10.-与机器人同行——阿缺中短篇科幻小说选-_中国科幻基石丛书_-_阿缺_-_Z-Library_.txt,chinese
0.2374839537869063,0.11810012836970475,0.6444159178433889,0.12965340179717585,0.01668806161745828,2. 郝景芳-北京折叠.txt,scifi,../data/chinese\scifi\2. 郝景芳-北京折叠.txt,chinese
0.326226012793177,0.24508410329305852,0.4286898839137645,0.18171049514333096,0.0806680881307747,3.-劉慈欣《三體Ⅱ：黑暗森林》_1.txt,scifi,../data/chinese\scifi\3.-劉慈欣《三體Ⅱ：黑暗森林》_1.txt,chinese
0.3178183514359965,0.19580862264276672,0.48637302592123677,0.17198640634370627,0.10941560605050976,5.-银河之心三部曲（天垂日暮-暗黑深渊-逐影追光）中国科幻银河奖桂冠作家史诗巨著-_中国科幻基石丛书_-_江波_-_Z-Library_.txt,scifi,../data/chinese\scifi\5.-银河之心三部曲（天垂日暮-暗黑深渊-逐影追光）中国科幻银河奖桂冠作家史诗巨著-_中国科幻基石丛书_-_江波_-_Z-Library_.txt,chinese
0.27808443980307324,0.1394897806952111,0.5824257795017157,0.17111741011487394,0.041772340742950914,6.-伪人2075·意识重组-_迟卉_-_Z-Library_.txt,scifi,../data/chinese\scifi\6.-伪人2075·意识重组-_迟卉_-_Z-Library_.txt,chinese
0.2919227392449517,0.18437225636523266,0.5237050043898156,0.1360842844600527,0.07704126426690079,7.-宇宙涟漪中的孩子-_谢云宁_-_Z-Library_.txt,scifi,../data/chinese\scifi\7.-宇宙涟漪中的孩子-_谢云宁_-_Z-Library_.txt,chinese
0.3957826439578264,0.21843741551770748,0.38577994052446607,0.26912679102460124,0.06380102730467695,8. 决战奇点（华语科幻星云奖、首届晨星奖、晋康奖获得者萧星寒，全新科幻力作！中国科幻四大天王联袂推荐的重磅之作！） (萧星寒) (Z-Library).txt,scifi,../data/chinese\scifi\8. 决战奇点（华语科幻星云奖、首届晨星奖、晋康奖获得者萧星寒，全新科幻力作！中国科幻四大天王联袂推荐的重磅之作！） (萧星寒) (Z-Library).txt,chinese
0.3847058823529412,0.2139705882352941,0.4013235294117647,0.18,0.10220588235294117,9.-小镇奇谈（充满想象力和少年感的极限科幻之作！银河奖得主，《群星》作者七月最新作品，陈思诚、潘海天、今何在强力推荐！90年代的神秘小镇、...-_Z-Library_.txt,scifi,../data/chinese\scifi\9.-小镇奇谈（充满想象力和少年感的极限科幻之作！银河奖得主，《群星》作者七月最新作品，陈思诚、潘海天、今何在强力推荐！90年代的神秘小镇、...-_Z-Library_.txt,chinese
0.35603786654352343,0.18425305933964442,0.45970907411683215,0.12629877626414224,0.08958670053105518,9.-群星-_七月_-_Z-Library_.txt,scifi,../data/chinese\scifi\9.-群星-_七月_-_Z-Library_.txt,chinese
0.305978898007034,0.16670574443141853,0.5273153575615475,0.17256740914419696,0.06189917936694021,三体X：观想之宙（科幻银河奖、华语科幻星云奖得主作品） (宝树) (Z-Library).txt,scifi,../data/chinese\scifi\三体X：观想之宙（科幻银河奖、华语科幻星云奖得主作品） (宝树) (Z-Library).txt,chinese
0.32003359932801345,0.13103737925241496,0.5489290214195716,0.1377572448551029,0.07139857202855943,中国科幻大片 (飞氘 著) (Z-Library).txt,scifi,../data/chinese\scifi\中国科幻大片 (飞氘 著) (Z-Library).txt,chinese
0.43610856968587985,0.17215614516620922,0.39173528514791095,0.3168648978347057,0.05962183592558707,伤心者 (何夕) (Z-Library).txt,scifi,../data/chinese\scifi\伤心者 (何夕) (Z-Library).txt,chinese
0.3847058823529412,0.2139705882352941,0.4013235294117647,0.18,0.10220588235294117,小镇奇谈（充满想象力和少年感的极限科幻之作！银河奖得主，《群星》作者七月最新作品，陈思诚、潘海天、今何在强力推荐！90年代的神秘小镇、... (Z-Library).txt,scifi,../data/chinese\scifi\小镇奇谈（充满想象力和少年感的极限科幻之作！银河奖得主，《群星》作者七月最新作品，陈思诚、潘海天、今何在强力推荐！90年代的神秘小镇、... (Z-Library).txt,chinese
0.2377456272943209,0.1759879075793565,0.5862664651263226,0.13949470956596846,0.019002375296912115,归路 (墨宝非宝) (Z-Library).txt,scifi,../data/chinese\scifi\归路 (墨宝非宝) (Z-Library).txt,chinese
0.35601565458906703,0.23507132937760383,0.40891301603332914,0.2156293397298321,0.08117661911374827,时间之墟 (宝树) (Z-Library).txt,scifi,../data/chinese\scifi\时间之墟 (宝树) (Z-Library).txt,chinese
0.32350081037277145,0.1952998379254457,0.4811993517017828,0.13792544570502432,0.0886547811993517,机器之门 (江波) (Z-Library).txt,scifi,../data/chinese\scifi\机器之门 (江波) (Z-Library).txt,chinese
0.5315444817121866,0.14550391311292127,0.3229516051748922,0.3754991215460789,0.1225043922696055,球状闪电（没有《球状闪电》，就没有后来的《三体》《三体》前传，刘慈欣三大长篇作品之一！《三体》《球状闪电》《超新星纪元》） (刘慈欣) (Z-Library).txt,scifi,../data/chinese\scifi\球状闪电（没有《球状闪电》，就没有后来的《三体》《三体》前传，刘慈欣三大长篇作品之一！《三体》《球状闪电》《超新星纪元》） (刘慈欣) (Z-Library).txt,chinese
0.2707312291707508,0.16467359341305626,0.5645951774161929,0.1915310723387571,0.038423838463046464,类人 (王晋康) (Z-Library).txt,scifi,../data/chinese\scifi\类人 (王晋康) (Z-Library).txt,chinese
0.4227255179513576,0.10513447432762836,0.472140007721014,0.29082486166516536,0.08222879938231888,红色海洋 (韩松 [韩松]) (Z-Library).txt,scifi,../data/chinese\scifi\红色海洋 (韩松 [韩松]) (Z-Library).txt,chinese
0.2545997016409746,0.14147190452511188,0.6039283938339135,0.11536548980606663,0.04152163102933864,荒潮 (陈楸帆) (Z-Library).txt,scifi,../data/chinese\scifi\荒潮 (陈楸帆) (Z-Library).txt,chinese
0.471081307627829,0.1163732886281084,0.41254540374406257,0.39186923721709976,0.05644034646549315,蚁生 (王晋康) (Z-Library).txt,scifi,../data/chinese\scifi\蚁生 (王晋康) (Z-Library).txt,chinese
0.09530729122147193,0.08034874775621847,0.8243439610223096,0.06222754081545431,0.033079750406017606,All the Light We Cannot See - Anthony Doerr.txt,history_fiction,../data/english\history_fiction\All the Light We Cannot See - Anthony Doerr.txt,english
0.0858287795992714,0.043861566484517306,0.8703096539162113,0.07009107468123861,0.015737704918032787,Atonement (Ian McEwan) (Z-Library).txt,history_fiction,../data/english\history_fiction\Atonement (Ian McEwan) (Z-Library).txt,english
0.4099555603728593,0.10779319314979406,0.48225124647734663,0.35679059180576633,0.053164968567093,Boleyn 1 The Other Boleyn Girl (Philippa Gregory) (Z-Library).txt,history_fiction,../data/english\history_fiction\Boleyn 1 The Other Boleyn Girl (Philippa Gregory) (Z-Library).txt,english
0.19033076489381695,0.144380755497087,0.665288479609096,0.1580529975568502,0.03227776733696674,Bring Up the Bodies - Hilary Mantel.txt,history_fiction,../data/english\history_fiction\Bring Up the Bodies - Hilary Mantel.txt,english
0.16422572360658014,0.11765114180606649,0.7181231345873533,0.13410147844797668,0.030124245158603458,Emperor the Gates of Rome (Conn Iggulden) (Z-Library).txt,history_fiction,../data/english\history_fiction\Emperor the Gates of Rome (Conn Iggulden) (Z-Library).txt,english
0.13799202566178015,0.08903678388344276,0.7729711904547771,0.0976706538357766,0.04032137182600354,Fall of Giants - Ken Follett.txt,history_fiction,../data/english\history_fiction\Fall of Giants - Ken Follett.txt,english
0.4773837667454689,0.06989755713159969,0.45271867612293143,0.4130811662726556,0.06430260047281323,March - Geraldine Brooks.txt,history_fiction,../data/english\history_fiction\March - Geraldine Brooks.txt,english
0.22757823227578233,0.11454795114547951,0.6578738165787381,0.1747488617474886,0.05282937052829371,"Master  Commander (OBrian, Patrick) (Z-Library).txt",history_fiction,"../data/english\history_fiction\Master  Commander (OBrian, Patrick) (Z-Library).txt",english
0.4766337334313165,0.06918701178519909,0.45417925478348437,0.4432105821833919,0.033423151247924665,Outlander (Diana Gabaldon) (Z-Library).txt,history_fiction,../data/english\history_fiction\Outlander (Diana Gabaldon) (Z-Library).txt,english
0.09731373542828181,0.06406487582361886,0.8386213887480993,0.06913329954384187,0.028180435884439938,Pompeii (Robert Harris) (Z-Library).txt,history_fiction,../data/english\history_fiction\Pompeii (Robert Harris) (Z-Library).txt,english
0.12220458808252778,0.08245563410763238,0.7953397778098399,0.10554032607127399,0.01666426201125379,The Book Thief (Markus Zusak) (Z-Library).txt,history_fiction,../data/english\history_fiction\The Book Thief (Markus Zusak) (Z-Library).txt,english
0.17219932017068054,0.10226368698922399,0.7255369928400954,0.11441382801764663,0.05778549215303392,The Four Winds - Kristin Hannah.txt,history_fiction,../data/english\history_fiction\The Four Winds - Kristin Hannah.txt,english
0.47056393307167943,0.09756937271913517,0.43186669420918544,0.4072161399159953,0.06334779315568409,The Kite Runner (Khaled Hosseini) (Z-Library).txt,history_fiction,../data/english\history_fiction\The Kite Runner (Khaled Hosseini) (Z-Library).txt,english
0.44901802528921175,0.0599273607748184,0.4910546139359699,0.3319881624966371,0.11702986279257466,The Last Kingdom - Bernard Cornwell.txt,history_fiction,../data/english\history_fiction\The Last Kingdom - Bernard Cornwell.txt,english
0.17249089963598543,0.0983879355174207,0.7291211648465938,0.13562142485699427,0.03686947477899116,The Nightingale - Kristin Hannah.txt,history_fiction,../data/english\history_fiction\The Nightingale - Kristin Hannah.txt,english
0.41435255514370783,0.07461870328735493,0.5110287415689372,0.3410099045998663,0.07334265054384152,The Song of Achilles - Madeline Miller.txt,history_fiction,../data/english\history_fiction\The Song of Achilles - Madeline Miller.txt,english
0.41520163389531856,0.10664370669977173,0.4781546594049097,0.35369028072564174,0.061511353169676826,The White Queen (The Plantagenet  Tudor Novels 2) (Philippa Gregory) (Z-Library).txt,history_fiction,../data/english\history_fiction\The White Queen (The Plantagenet  Tudor Novels 2) (Philippa Gregory) (Z-Library).txt,english
0.18853387005472041,0.14029184225422983,0.6711742876910497,0.15485250644694634,0.03368136360777407,Wolf Hall - Hilary Mantel.txt,history_fiction,../data/english\history_fiction\Wolf Hall - Hilary Mantel.txt,english
0.4579085085265722,0.08328070017143373,0.45881079130199404,0.39312460525128573,0.06478390327528648,A Head Full of Ghosts - Paul Tremblay.txt,horror,../data/english\horror\A Head Full of Ghosts - Paul Tremblay.txt,english
0.13673246941988615,0.09289088046505994,0.7703766501150539,0.08622986556860845,0.0505026038512777,"Bird Box - Malerman, Josh.txt",horror,"../data/english\horror\Bird Box - Malerman, Josh.txt",english
0.5257989347536618,0.0857190412782956,0.3884820239680426,0.41852529960053264,0.10727363515312915,Borne (Jeff Vandermeer) (Z-Library).txt,horror,../data/english\horror\Borne (Jeff Vandermeer) (Z-Library).txt,english
0.4288573005796301,0.16188241788573005,0.4092602815346398,0.39739166436654705,0.03146563621308308,Come With Me - Ronald Malfi.txt,horror,../data/english\horror\Come With Me - Ronald Malfi.txt,english
0.14672400708322794,0.09967113584619276,0.7536048570705793,0.10852517075638755,0.038198836326840374,"Coraline (Neil Gaiman, Chris Riddell (Illustrations)) (Z-Library).txt",horror,"../data/english\horror\Coraline (Neil Gaiman, Chris Riddell (Illustrations)) (Z-Library).txt",english
0.1596629805160611,0.12938388625592417,0.7109531332280148,0.13106898367561876,0.028593996840442337,Doctor Sleep - Stephen King.txt,horror,../data/english\horror\Doctor Sleep - Stephen King.txt,english
0.4580479128032396,0.10926087121068766,0.43269121598607274,0.42909586345229533,0.028952049350944253,Duma Key - Stephen King.txt,horror,../data/english\horror\Duma Key - Stephen King.txt,english
0.234643179765131,0.12764227642276424,0.6377145438121048,0.18775971093044264,0.046883468834688344,Ghost Story (Peter Straub) (Z-Library).txt,horror,../data/english\horror\Ghost Story (Peter Straub) (Z-Library).txt,english
0.5102900354168661,0.11768928879104049,0.3720206757920934,0.43912127883602947,0.0711687565808366,Gone Girl (Gillian Flynn) (Z-Library).txt,horror,../data/english\horror\Gone Girl (Gillian Flynn) (Z-Library).txt,english
0.14005112336876094,0.10446656800753397,0.7554823086237051,0.11469124175972016,0.025359881609040763,Heart-Shaped Box - Joe Hill.txt,horror,../data/english\horror\Heart-Shaped Box - Joe Hill.txt,english
0.13167319765727048,0.10841444402309021,0.7599123583196393,0.11599882020814899,0.015674377449121476,"Hill, Joe - NOS4A2 (Hill, Joe [Hill, Joe]) (Z-Library).txt",horror,"../data/english\horror\Hill, Joe - NOS4A2 (Hill, Joe [Hill, Joe]) (Z-Library).txt",english
0.3873821516208188,0.09124370399070128,0.52137414438848,0.34527960738731756,0.042102544233501224,House Of Leaves (Mark Z. Danielewski) (Z-Library).txt,horror,../data/english\horror\House Of Leaves (Mark Z. Danielewski) (Z-Library).txt,english
0.13115656963021244,0.11329661683713611,0.7555468135326514,0.10873328088119591,0.022423288749016522,Mexican Gothic - Silvia Moreno-Garcia.txt,horror,../data/english\horror\Mexican Gothic - Silvia Moreno-Garcia.txt,english
0.4910410320731052,0.07256764020784806,0.43639132771904676,0.45045690736427163,0.04058412470883354,Odd Thomas 1 Odd Thomas. (Dean Koontz) (Z-Library).txt,horror,../data/english\horror\Odd Thomas 1 Odd Thomas. (Dean Koontz) (Z-Library).txt,english
0.08679778589094335,0.07337180544105523,0.8398304086680014,0.0707808267577435,0.016016959133199858,Seed - Ania Ahlborn.txt,horror,../data/english\horror\Seed - Ania Ahlborn.txt,english
0.5145623425692695,0.0952455919395466,0.3901920654911839,0.4523772040302267,0.06218513853904282,The Final Girl Support Group - Grady Hendrix.txt,horror,../data/english\horror\The Final Girl Support Group - Grady Hendrix.txt,english
0.301547319179561,0.11430970373035865,0.5841429770900803,0.23917476310423413,0.06237255607532686,The Haunting of Hill House (Shirley Jackson) (Z-Library).txt,horror,../data/english\horror\The Haunting of Hill House (Shirley Jackson) (Z-Library).txt,english
0.4336081887972704,0.07193630935456355,0.49445550184816606,0.39692920102359963,0.03667898777367074,The Last House on Needless Street - Catriona Ward.txt,horror,../data/english\horror\The Last House on Needless Street - Catriona Ward.txt,english
0.1930330715392424,0.06015921354917989,0.7468077149115777,0.10936581717155527,0.08366725436768713,The Terror (Dan Simmons) (Z-Library).txt,horror,../data/english\horror\The Terror (Dan Simmons) (Z-Library).txt,english
0.09722584572571528,0.08809461692321072,0.814679537351074,0.06400556570136534,0.033220280024349944,"[The Girl With All the Gifts 01] • The Girl With All the Gifts (Carey, M.R.) (Z-Library).txt",horror,"../data/english\horror\[The Girl With All the Gifts 01] • The Girl With All the Gifts (Carey, M.R.) (Z-Library).txt",english
0.225302340191613,0.10146065651013036,0.6732370032982566,0.1872153290403644,0.03808701115124863,A Good Girl's Guide to Murder - Holly Jackson.txt,school_ya,../data/english\school_ya\A Good Girl's Guide to Murder - Holly Jackson.txt,english
0.5405690200210748,0.10273972602739725,0.3566912539515279,0.4835917507150384,0.05697726930603643,All the Bright Places - Jennifer Niven.txt,school_ya,../data/english\school_ya\All the Bright Places - Jennifer Niven.txt,english
0.5517587939698493,0.08987796123474516,0.3583632447954056,0.495908111988514,0.05585068198133525,Another Day - David Levithan.txt,school_ya,../data/english\school_ya\Another Day - David Levithan.txt,english
0.11833139438258268,0.10428785108858235,0.7773807545288349,0.10653149410004986,0.011799900282532824,Eleanor & Park - Rainbow Rowell.txt,school_ya,../data/english\school_ya\Eleanor & Park - Rainbow Rowell.txt,english
0.4951694525379543,0.0861831007514185,0.4186474467106272,0.4398098451157798,0.055359607422174516,If I Stay - Gayle Forman.txt,school_ya,../data/english\school_ya\If I Stay - Gayle Forman.txt,english
0.47061634018155757,0.15316360657975564,0.3762200532386868,0.4175824175824176,0.05303392259913999,On the Come Up - Angie Thomas.txt,school_ya,../data/english\school_ya\On the Come Up - Angie Thomas.txt,english
0.5097245993465069,0.10860432550178932,0.38167107515170373,0.45425548467403143,0.05546911467247549,One of Us is Lying - Karen M. McManus.txt,school_ya,../data/english\school_ya\One of Us is Lying - Karen M. McManus.txt,english
0.5453307227377203,0.116455265174087,0.33821401208819274,0.5082148633693709,0.037115859368349366,P.S. I Like You - Kasie West.txt,school_ya,../data/english\school_ya\P.S. I Like You - Kasie West.txt,english
0.5468435390264124,0.12317896482293024,0.32997749615065736,0.49532156816297523,0.05152197086343717,Simon vs. the Homo Sapiens Agenda - Becky Albertalli.txt,school_ya,../data/english\school_ya\Simon vs. the Homo Sapiens Agenda - Becky Albertalli.txt,english
0.13858516664471085,0.12198656303517323,0.7394282703201159,0.10439994730602029,0.03418521933869056,Six of Crows - Leigh Bardugo.txt,school_ya,../data/english\school_ya\Six of Crows - Leigh Bardugo.txt,english
0.42105263157894735,0.07458831126896998,0.5043590571520826,0.32692928640619956,0.09412334517274783,Stargirl - Jerry Spinelli.txt,school_ya,../data/english\school_ya\Stargirl - Jerry Spinelli.txt,english
0.4617858654253068,0.11603893355903512,0.4221752010156581,0.4013542107490478,0.060431654676258995,The Cousins - Karen McManus.txt,school_ya,../data/english\school_ya\The Cousins - Karen McManus.txt,english
0.5128604024061398,0.11937357394731384,0.36776602364654637,0.4507363617506741,0.06212404065546567,The Fault in Our Stars - John Green.txt,school_ya,../data/english\school_ya\The Fault in Our Stars - John Green.txt,english
0.49799710219040316,0.1328730929855962,0.3691298048240007,0.4558936333418563,0.042103468848546835,The Fill-In Boyfriend - Kasie West.txt,school_ya,../data/english\school_ya\The Fill-In Boyfriend - Kasie West.txt,english
0.1724447637865996,0.10041314891323873,0.7271420873001617,0.14388359978444404,0.02856116400215556,The Giver - The Giver.txt,school_ya,../data/english\school_ya\The Giver - The Giver.txt,english
0.446151735491837,0.13417478392097681,0.4196734805871862,0.37138153381808203,0.07477020167375498,The Hate U Give - Angie Thomas.txt,school_ya,../data/english\school_ya\The Hate U Give - Angie Thomas.txt,english
0.15624148887880163,0.0935088515660463,0.7502496595551521,0.09786654561960963,0.058374943259192014,The Maze Runner - James Dashner.txt,school_ya,../data/english\school_ya\The Maze Runner - James Dashner.txt,english
0.523991935483871,0.06330645161290323,0.4127016129032258,0.4830645161290323,0.04092741935483871,The Perks of Being a Wallflower - Stephen Chbosky.txt,school_ya,../data/english\school_ya\The Perks of Being a Wallflower - Stephen Chbosky.txt,english
0.4900371166243407,0.0816565735495214,0.42830630982613793,0.44579019339714787,0.044246923227192814,The Summer I Turned Pretty - Jenny Han.txt,school_ya,../data/english\school_ya\The Summer I Turned Pretty - Jenny Han.txt,english
0.43172878816257726,0.10460760442030342,0.4636636074171193,0.37844165574077543,0.05328713242180184,The Sun Is Also a Star - Nicola Yoon.txt,school_ya,../data/english\school_ya\The Sun Is Also a Star - Nicola Yoon.txt,english
0.4885649324595426,0.08606392938344255,0.4253711381570148,0.4436271231777451,0.04493780928179751,The Truth About Forever - Sarah Dessen.txt,school_ya,../data/english\school_ya\The Truth About Forever - Sarah Dessen.txt,english
0.5342580039628742,0.10021900093857546,0.3655229950985504,0.460631974137032,0.07362602982584211,They Both Die at the End - Adam Silvera.txt,school_ya,../data/english\school_ya\They Both Die at the End - Adam Silvera.txt,english
0.5175219023779725,0.16280767626199416,0.3196704213600334,0.4736128493950772,0.04390905298289528,Thirteen Reasons Why - Jay Asher.txt,school_ya,../data/english\school_ya\Thirteen Reasons Why - Jay Asher.txt,english
0.5140425531914894,0.13183752417794972,0.3541199226305609,0.4632882011605416,0.050754352030947775,To All the Boys I've Loved Before - Jenny Han.txt,school_ya,../data/english\school_ya\To All the Boys I've Loved Before - Jenny Han.txt,english
0.5158284023668639,0.10029585798816568,0.3838757396449704,0.48476331360946745,0.03106508875739645,Twilight - Stephenie Meyer.txt,school_ya,../data/english\school_ya\Twilight - Stephenie Meyer.txt,english
0.16686626746506986,0.13203592814371257,0.7010978043912176,0.12894211576846307,0.03792415169660679,Uglies_ Uglies [Book 1] - Scott Westerfeld.txt,school_ya,../data/english\school_ya\Uglies_ Uglies [Book 1] - Scott Westerfeld.txt,english
0.4898779811425402,0.12243483083749307,0.3876871880199667,0.3962839711591791,0.09359400998336107,We Were Liars - E. Lockhart.txt,school_ya,../data/english\school_ya\We Were Liars - E. Lockhart.txt,english
0.5025853154084798,0.11093353389113472,0.38648115070038547,0.4338629312776159,0.06872238413086397,Wonder - R. J. Palacio.txt,school_ya,../data/english\school_ya\Wonder - R. J. Palacio.txt,english
0.17365913631473798,0.12025510988166589,0.7060857538035962,0.12778546181035808,0.045873674504379895,A Memory Called Empire (Teixcalaan) - Arkady Martine.txt,scifi,../data/english\scifi\A Memory Called Empire (Teixcalaan) - Arkady Martine.txt,english
0.19337477258944816,0.16282595512431777,0.6437992722862341,0.1401607034566404,0.05321406913280776,Accelerando - Charles Stross.txt,scifi,../data/english\scifi\Accelerando - Charles Stross.txt,english
0.5261728395061729,0.06049382716049383,0.41333333333333333,0.42098765432098767,0.10518518518518519,All Systems Red - Martha Wells.txt,scifi,../data/english\scifi\All Systems Red - Martha Wells.txt,english
0.4542857142857143,0.11977443609022556,0.4259398496240602,0.4213533834586466,0.03293233082706767,Ancillary Justice - Ann Leckie.txt,scifi,../data/english\scifi\Ancillary Justice - Ann Leckie.txt,english
0.15113266458513253,0.0779246661794991,0.7709426692353684,0.08782302531056932,0.0633096392745632,Children of Time - Adrian Tchaikovsky.txt,scifi,../data/english\scifi\Children of Time - Adrian Tchaikovsky.txt,english
0.3252108716026242,0.1246485473289597,0.5501405810684161,0.25435801312089973,0.07085285848172446,Exhalation - Ted Chiang.txt,scifi,../data/english\scifi\Exhalation - Ted Chiang.txt,english
0.17210240496508922,0.11106283941039566,0.7168347556245152,0.11863460046547711,0.0534678044996121,Leviathan Wakes - James S.A. Corey.txt,scifi,../data/english\scifi\Leviathan Wakes - James S.A. Corey.txt,english
0.47657247037374656,0.1918869644484959,0.33154056517775754,0.3562443026435734,0.1203281677301732,Old Man's War - John Scalzi.txt,scifi,../data/english\scifi\Old Man's War - John Scalzi.txt,english
0.23737229065215315,0.17578535281199276,0.5868423565358541,0.19765110283586365,0.039721187816289506,Provenance - Ann Leckie.txt,scifi,../data/english\scifi\Provenance - Ann Leckie.txt,english
0.5339898782656272,0.09868691013541239,0.3673232115989605,0.4894679250444536,0.044521953221173576,Ready Player One - Ernest Cline.txt,scifi,../data/english\scifi\Ready Player One - Ernest Cline.txt,english
0.4692212988611881,0.09926131117266851,0.4315173899661434,0.38473376423514927,0.08448753462603878,"Red Rising (The Red Rising Trilogy, Book 1 - Pierce Brown.txt",scifi,"../data/english\scifi\Red Rising (The Red Rising Trilogy, Book 1 - Pierce Brown.txt",english
0.18745931872423519,0.10229984812323714,0.7102408331525276,0.14970709481449337,0.03775222390974181,Station Eleven - Emily St. John Mandel.txt,scifi,../data/english\scifi\Station Eleven - Emily St. John Mandel.txt,english
0.5883917396745932,0.06907071339173967,0.34253754693366706,0.5103254067584481,0.07806633291614518,The Hunger Games - Suzanne Collins.txt,scifi,../data/english\scifi\The Hunger Games - Suzanne Collins.txt,english
0.2451764705882353,0.15435294117647058,0.6004705882352941,0.17936134453781513,0.06581512605042017,"The Long Way to a Small, Angry Planet - Becky Chambers.txt",scifi,"../data/english\scifi\The Long Way to a Small, Angry Planet - Becky Chambers.txt",english
0.4883383550942975,0.08090614886731391,0.4307554960383886,0.41569021314585425,0.07264814194844325,The Martian - Andy Weir.txt,scifi,../data/english\scifi\The Martian - Andy Weir.txt,english
0.14121136865342163,0.13652041942604856,0.7222682119205298,0.10251103752759382,0.03870033112582782,The Peripheral - William Gibson.txt,scifi,../data/english\scifi\The Peripheral - William Gibson.txt,english
0.44427001569858715,0.0433851862423291,0.5123447980590837,0.38066695209552354,0.0636030636030636,Uprooted - Naomi Novik.txt,scifi,../data/english\scifi\Uprooted - Naomi Novik.txt,english
0.566752482530342,0.0751501777614319,0.35809733970822605,0.46168934657349514,0.10506313595684688,We Are Legion (We Are Bob) - Dennis E. Taylor.txt,scifi,../data/english\scifi\We Are Legion (We Are Bob) - Dennis E. Taylor.txt,english
